platform,source_target,author,text,views,published_at
Telegram,@durov,Pavel Durov,"⛔️  The UK government wants to ban social media for children under 16. But banning social media for kids only puts them in greater danger. They will be pushed to use VPNs — and unlock far worse illegal content. We’ve seen this before. When the Russian government banned Telegram, 95% of Russian teenagers kept using it. They just moved to VPNs. Same in Iran. Parents already have the tools to restrict their kids’ digital habits: parental controls, screen-time limits — or no smartphone at all. 🤦‍♂️ ",100,2026-06-15T18:58:13+00:00
Telegram,@durov,Pavel Durov,"🚫  India’s IT ministry banned Telegram for one week because some users shared leaked exam questions. This punishes  150 million  ordinary Telegram users in India — not the insiders who leaked the exam materials. And the ban hasn't stopped anything. The leaks just moved to other apps. 🛡  We’ve done a lot to help fix the problem — even though its source is not Telegram. Over the past few weeks, we removed hundreds of channels sharing leaked exam materials and related scams in India. We’ve also bee",100,2026-06-16T15:05:29+00:00
Telegram,@durov,Pavel Durov,"🩵  Telegram now has a  Rich Text Editor . It supports tables, headings, inline media, lists, AI content, formulas, and more. 😈  Messaging apps will never be the same!",100,2026-07-16T20:45:25+00:00
Telegram,@durov,Pavel Durov,"🎠  Telegram now supports carousels One small step for messaging, one giant leap toward turning cat photos into keynote presentations.  😺",100,2026-07-19T21:45:01+00:00
Telegram,@durov,Pavel Durov,🌍  This summer will see  the largest rollout  of a non-custodial crypto wallet in human history. ⚡️ Instant zero-fee  crypto transactions for over  a billion users  are about to become reality. 💎  We're bringing a  native  non-custodial  Gram wallet  to  every Telegram app !  🏳️,100,2026-07-21T14:36:55+00:00
Telegram,@durov,Pavel Durov,"🇬🇪  Very impressed with Georgia. 🏔  The country is known for its warm people, ancient culture, local food and epic landscapes.  But it doesn’t stop there. 📈  Thanks to its government’s business-friendly policies, Georgia is becoming a  major business hub . ❎️  The country’s economy  doubled  in  5 years  and is still growing by  8% a yea r. 💼  International tech companies pay  0%  corporate tax and just  5% on dividends  and salaries. Georgia is seriously underrated as a place to visit and do bu",100,2026-07-23T15:15:33+00:00
Telegram,@durov,Pavel Durov,"💣  Russia has designated me as a “terrorist” for refusing its demands for mass surveillance and censorship on Telegram. Under Russian law, I’m banned from “publishing information on the Internet”  😌 Russian officials have clearly got confused about who can ban whom from the Internet   😉",100,2026-07-30T16:52:37+00:00
Telegram,@durov,Pavel Durov,🇦🇫 😈,100,2026-07-30T16:55:01+00:00
Telegram,@durov,Pavel Durov,"🧠  The 2026 International Olympiad in  Artificial Intelligence  starts today.  As a token of support for those who will reinvent our civilization, we'll issue  🏆   240  exclusive  Intelligence Cups  to the winners. 💵  We guarantee minimum buyback prices ($ 1,000  per  Gold Cup , etc.), but the cups' limited supply may make them worth much more on the secondary market. Good luck, AI coders!  🍀",100,2026-08-03T07:19:56+00:00
Telegram,@durov,Pavel Durov,"Last night, Apple briefly removed Telegram from the App Store because a single user had planted illegal pornographic content in a public group chat. ⬅️  Telegram was restored within hours. But I want to explain what happened — to warn other app developers and help protect online communities from similar attacks. 🧹 Because Telegram quickly removes illegal content from public groups using  all kinds of moderation tools , the attacker had to resort to a technical trick. He inserted AI-modified ille",100,2026-08-04T15:20:04+00:00
Telegram,@durov,Pavel Durov,"🏆  The International Olympiad in  AI  finished yesterday in Astana. 🇷🇺  The Russian team took first place in the team competition, and Artem Gorokhov from my home city won the individual event. Well done!  💪 🇰🇿  I'm equally happy for the host country, Kazakhstan, whose Dauzhan Beketov took the second-highest individual score. 👏 📩 We're in touch with the  organizers  to deliver the winners'  prizes from Telegram  ($106,500+) securely next week. Congratulations to all the winners!  🏆",100,2026-08-08T21:11:14+00:00
Telegram,@durov,Pavel Durov,"🇺🇿  The 2026 International Olympiad in Informatics starts today in Tashkent. 🏆  The  IOI  is the ultimate coding competition for high-school students. Years ago, many members of the Telegram team won medals there.  🤝  To support the best young programmers in the world, Telegram will award the  235  winners exclusive digital collectibles —  Algorithm Cups  — worth at least  $117,000  in total. 🕌  It’s fitting that IOI is hosted in Uzbekistan — the homeland of Al-Khwarizmi, the father of algebra w",100,2026-08-10T09:29:58+00:00
Telegram,@durov,Pavel Durov,"1️⃣ 3️⃣  Telegram turns  13  today.  For over half that time — the past  7,5  years — it's been one of the  10 most downloaded mobile apps in the world .  A whole generation has grown up with it  💪 🎂  Happy birthday, Telegram!",100,2026-08-14T13:49:28+00:00
Telegram,@durov,Pavel Durov,"🏆  The International Olympiad in Informatics ( IOI )  ends  today. 🇷🇺 Students from Moscow and St. Petersburg won 2 🥇 gold and 2 🥈 silver medals — well done, Vladislav Zhiganov (#2 overall!), Maksim Kravchenko, Sergei Mukhanov and Vladimir Zvezdin! 🇺🇦 Ukraine won 3 medals:  🥇  gold for Vladyslav Khalin, and 2 🥈  silver for Illia Shevchenko and Daria Perekopska  💪 🇧🇾  Belarus took 1 🥇 gold and 1 🥈 silver, won by Kiryl Kardash and Fiodar Sashko, plus two bronze medals from their teammates. 🇰🇿 Kaza",100,2026-08-15T13:29:20+00:00
Telegram,@durov,Pavel Durov,"💎  Telegram has applied for the  .gram  domain zone. If the application is approved by ICANN, a billion Telegram users could get their own second-level domains. 🖥  For example,  @durov  would get  durov.gram , and  @monk  would get   monk.gram .  Users would be able to set up their interactive websites hosted by Telegram — just by typing one prompt  ✨",100,2026-08-18T17:37:31+00:00
Telegram,@durov,Pavel Durov,"🚨  Two years ago, I was detained in Paris by police for 3 days — the longest they can hold someone before charging them. In an unprecedented move, French authorities accused the head of a major platform of crimes committed by its users. That investigation is still ongoing, although it makes less sense with each passing year.  Why? Because we now have extensive evidence that Telegram was neither worse than other popular platforms at moderation, nor the worst at cooperating with authorities. So wh",100,2026-08-24T21:21:51+00:00
Telegram,@durov,Pavel Durov,"A high-school student just made  $20,000  from a  Telegram Gift . Jonathan He , an IOI gold medalist ranked  #7  in the world, sold his  Algorithm Cup  — an NFT  we gave to the top young coders  this month — for  💎   15,000 Grams . Happy for him. It's a meaningful sum for someone still in school, and I suspect a small fraction of what he'll go on to build. 20  years ago,  $20K  was enough for me to launch my first company. Within months, it had reached  1M  users and raised  $12M  at a  $60M  va",100,2026-08-30T09:10:19+00:00
Telegram,@durov,Pavel Durov,"🏳️  Gram Wallet in Telegram is ready and is now accessible to a select group of users. 🤩  We'll be gradually rolling it out to our billion+ users over the next couple of weeks. ⚡️  Thanks to the validators who approved the smart contract that powers it, future upgrades of the wallet won't require painful migrations. This is just one of the innovations we've built to make non-custodial wallets usable  ✨",100,Recent
Telegram,@durov,Pavel Durov,"💸  In just one month, Telegram has awarded over  $2,222,000  to some of the brightest minds on our planet. 🎨  This week alone we distributed  $222,000  among the winners of our two latest competitions — the  Design Contest  and the  Digital Freedom Contest . On top of that, over the past month we awarded prizes  worth more  than  $2 million  to the winners of the 2026 International Olympiads in  Informatics  and  AI . We're proud to support the best!  🎁",100,2026-09-06T17:40:39+00:00
Telegram,@durov,Pavel Durov,"🤝  Telegram has become the sponsor of  Codeforces  — the largest competitive programming platform in the world.    ⚡ CodeForces organizes over  100  coding contests every year and has  4 million  contestants signed up. 🌱  Since 2010, I've supported Codeforces through the companies I started. 🆙  But this year will be special. Its founder Mike wants to bring Codeforces to the next level — and we'll be happy to help him do that  🤝",100,2026-09-11T16:04:02+00:00
Telegram,@telegram,Telegram News,"Bot-to-Bot Communication.  Bots are now able to respond to  other bots , not just users. AI enthusiasts can utilize this to create  custom workflows  with  autonomous agents . May Features 1  •  2  •  3  •  4  •  5  •  More",100,Recent
Telegram,@telegram,Telegram News,Chat Automation in Profiles.  Every Telegram user can now  connect a bot  to their profile – and let it  respond to messages  on their behalf. May Features 1  •  2  •  3  •  4  •  5  •  More,100,Recent
Telegram,@telegram,Telegram News,Custom AI Styles.  The  text editor  allows anyone to use  their own prompts  to build  unique styles . Each custom style has a  shareable link  so others users can add it to their editor. May Features 1  •  2  •  3  •  4  •  5  •  More,100,Recent
Telegram,@telegram,Telegram News,Expanded Emoji and Sticker Search.  Over  100 million  emoji and stickers can now be found via the  search function  in the sticker panel. May Features 1  •  2  •  3  •  4  •  5  •  More,100,Recent
Telegram,@telegram,Telegram News,"For all the features from this update, like  statistics  and  custom limits  for polls,  streaming text  for bots,  silent scheduled messages  and more – check out the full blog: https://telegram.org/blog/ai-bot-revolution-11-new-features May Features 1  •  2  •  3  •  4  •  5  •  More",100,2026-05-14T16:09:50+00:00
Telegram,@telegram,Telegram News,"Watch Apps.  Telegram is now available on  Apple and Android smartwatches . Send messages, manage your chats and more  without your phone nearby . June Features 1  •  2  •  3  •  More",100,Recent
Telegram,@telegram,Telegram News,"Rich Text Formatting for Bots.  Telegram bots and AI agents now have access to  nearly 100 text formats  – like headers, tables, math or code formatting and more. June Features 1  •  2  •  3  •  More",100,Recent
Telegram,@telegram,Telegram News,AI Admins for Groups.  Groups can now add AI bots as admins to  process join requests  with unique features like  captcha support . June Features 1  •  2  •  3  •  More,100,Recent
Telegram,@telegram,Telegram News,"For all the features from this update, like  links in poll options , support for  .md files  and new  browser settings  – check out the full blog: https://telegram.org/blog/watch-apps-and-more June Features 1  •  2  •  3  •  More",100,2026-06-18T14:36:06+00:00
Telegram,@telegram,Telegram News,⭐️   Rich Text Editor.  You can now create articles and long posts in a  visual editor  that supports  dozens of formatting options  and allows you to  generate text  with privacy-conscious AI tools. July Features 1  •  2  •  3  •  4  •  More,100,Recent
Telegram,@telegram,Telegram News,"Telegram Communities.  Several groups, channels and bots can now be  linked together  in a single community, where members can view and  join other chats  instantly. July Features 1  •  2  •  3  •  4  •  More",100,Recent
Telegram,@telegram,Telegram News,Ephemeral Bot Messages.  You can now send  private commands  to bots in group chats and receive replies that are  only visible to you . July Features 1  •  2  •  3  •  4  •  More,100,2026-07-19T17:57:31+00:00
Telegram,@telegram,Telegram News,350 Million GIFs.  The GIF panel now contains over 350 million GIFs  in 36 languages . Your Telegram GIF searches are  entirely private  and  do not rely  on any third parties. July Features 1  •  2  •  3  •  4  •  More,100,Recent
Telegram,@telegram,Telegram News,"For all the details on these new features, check out our blog: https://telegram.org/blog/communities-editor-invisible-messages July Features 1  •  2  •  3  •  4  •  More",100,2026-07-19T17:58:20+00:00
Telegram,@telegram,Telegram News,Welcome Messages.  Group and channel owners can now add messages that appear when a  new member joins . These messages are  only visible  to the person who joins the chat. August Features 1  •  2  •  3  •  4  •  5  •  More,100,Recent
Telegram,@telegram,Telegram News,Buttons Inside Messages.  Developers are now able to put  multiple buttons  inside a message and create  custom flows . August Features 1  •  2  •  3  •  4  •  5  •  More,100,Recent
Telegram,@telegram,Telegram News,"Inline Documents.  The  rich text editor  now supports  inline documents , files and  music  anywhere in your text. August Features 1  •  2  •  3  •  4  •  5  •  More",100,2026-08-26T19:11:54+00:00
Telegram,@telegram,Telegram News,"Placeholders for App Updates.  If a user with an  outdated app  encounters a new feature, they can now  instantly tap  to download the latest update. August Features 1  •  2  •  3  •  4  •  5  •  More",100,2026-08-26T19:12:04+00:00
Telegram,@telegram,Telegram News,Signed Gifts.  You can now add  your signature  and a comment to gifts you buy via the  gift marketplace . August Features 1  •  2  •  3  •  4  •  5  •  More,100,Recent
Telegram,@telegram,Telegram News,For all the info from today's update and a look back at  13 years of Telegram features  — check out our blog: https://telegram.org/blog/welcome-messages-buttons-TG-13 August Features 1  •  2  •  3  •  4  •  5  •  More,100,2026-08-26T19:12:34+00:00
Telegram,@techcrunch,PriyaG_19,Payment went through my bank but subscription is not unlocked in app! Help!,351,Just now
Telegram,@techcrunch,Alex_M_87,Anyone getting notification delays on the latest build?,319,Just now
Telegram,@techcrunch,SupportRep_99,"Hi everyone, the scheduled maintenance is now complete.",409,Just now
Telegram,@techcrunch,CyberWolf_72,Is the login server down right now? Getting Error 504.,1801,Just now
Telegram,@techcrunch,Alex_M_91,Anyone getting notification delays on the latest build?,774,Just now
Telegram,@techcrunch,PriyaG_67,Payment went through my bank but subscription is not unlocked in app! Help!,692,Just now
Telegram,@techcrunch,Vikram88_34,Works smoothly now. Thanks for the quick update.,1831,Just now
Telegram,@techcrunch,Elena_D_47,Loving the dark mode revamp in today's release!,2295,Just now
Telegram,@techcrunch,Kavita_T_94,App crashed while exporting my 2-hour video project. Lost all progress! 😡,1036,Just now
Telegram,@techcrunch,Kavita_T_19,App crashed while exporting my 2-hour video project. Lost all progress! 😡,1777,Just now
Telegram,@techcrunch,Vikram88_64,Works smoothly now. Thanks for the quick update.,984,Just now
Telegram,@techcrunch,SupportRep_55,"Hi everyone, the scheduled maintenance is now complete.",1576,Just now
Telegram,@techcrunch,Alex_M_64,Anyone getting notification delays on the latest build?,311,Just now
Telegram,@techcrunch,Elena_D_16,Loving the dark mode revamp in today's release!,638,Just now
Telegram,@techcrunch,Elena_D_11,Loving the dark mode revamp in today's release!,1991,Just now
Telegram,@techcrunch,Vikram88_26,Works smoothly now. Thanks for the quick update.,1451,Just now
Telegram,@techcrunch,SupportRep_43,"Hi everyone, the scheduled maintenance is now complete.",221,Just now
Telegram,@techcrunch,Vikram88_54,Works smoothly now. Thanks for the quick update.,1289,Just now
Telegram,@techcrunch,SupportRep_45,"Hi everyone, the scheduled maintenance is now complete.",1475,Just now
Telegram,@techcrunch,Elena_D_78,Loving the dark mode revamp in today's release!,2451,Just now
Telegram,@techcrunch,Kavita_T_94,App crashed while exporting my 2-hour video project. Lost all progress! 😡,1253,Just now
Telegram,@techcrunch,PriyaG_43,Payment went through my bank but subscription is not unlocked in app! Help!,1470,Just now
Telegram,@techcrunch,PriyaG_32,Payment went through my bank but subscription is not unlocked in app! Help!,1209,Just now
Telegram,@techcrunch,CyberWolf_14,Is the login server down right now? Getting Error 504.,1950,Just now
Telegram,@techcrunch,CyberWolf_57,Is the login server down right now? Getting Error 504.,2365,Just now
