platform,source_target,author,raw_text,clean_text,sentiment,sentiment_score,is_toxic,toxicity_score,word_count,char_length,created_at
Twitter,Twitter Stream,Alex_K_634,"Loving the speed of the new update @Brand, smooth animation and no lag. 🚀","Loving the speed of the new update , smooth animation and no lag.",POSITIVE,0.585,False,0.0,13,73,2026-09-07T18:32:41.766575
YouTube,YouTube Stream,CreativeEye_99,The display resolution and viewing angles are top-tier for video editing.,The display resolution and viewing angles are top-tier for video editing.,NEUTRAL,1.0,False,0.0,11,73,2026-09-07T18:33:06.766575
Twitter,Twitter Stream,Alex_K_958,"Loving the speed of the new update @Brand, smooth animation and no lag. 🚀","Loving the speed of the new update , smooth animation and no lag.",POSITIVE,0.585,False,0.0,13,73,2026-09-07T18:33:31.766575
Reddit,Reddit Stream,LeadDev_505,API authentication failing across all endpoints. Zero communication from the engineering team.,API authentication failing across all endpoints. Zero communication from the engineering team.,NEGATIVE,0.331,False,0.0,12,94,2026-09-07T18:33:56.766575
Reddit,Reddit Stream,Disappointed_851,Trackpad clicking is broken and keyboard keys are getting stuck. Cheap build quality.,Trackpad clicking is broken and keyboard keys are getting stuck. Cheap build quality.,NEGATIVE,0.449,False,0.0,13,85,2026-09-07T18:34:21.766575
YouTube,YouTube Stream,AngryGeek_765,Severe overheating issue! Reaching 96C just watching a 4K video. Defective batch! 🤮,Severe overheating issue! Reaching 96C just watching a 4K video. Defective batch! disgusting,NEGATIVE,0.675,False,0.0,13,83,2026-09-07T18:34:46.766575
Reddit,Reddit Stream,TuxLover_268,Linux kernel drivers work out of the box with zero configuration needed.,Linux kernel drivers work out of the box with zero configuration needed.,NEUTRAL,1.0,False,0.0,12,72,2026-09-07T18:35:11.766575
Reddit,Reddit Stream,LeadDev_434,API authentication failing across all endpoints. Zero communication from the engineering team.,API authentication failing across all endpoints. Zero communication from the engineering team.,NEGATIVE,0.331,False,0.0,12,94,2026-09-07T18:35:36.766575
Telegram,Telegram Stream,Sara_G_963,Customer support answered my ticket in less than 5 minutes. Very helpful.,Customer support answered my ticket in less than 5 minutes. Very helpful.,POSITIVE,0.467,False,0.0,12,73,2026-09-07T18:36:01.766575
Reddit,Reddit Stream,DevOps_Dan_372,Thermals stay under 70C even during heavy Python data science compilation.,Thermals stay under 70C even during heavy Python data science compilation.,NEUTRAL,1.0,False,0.0,11,74,2026-09-07T18:36:26.766575
Twitter,Twitter Stream,GadgetFan_395,Upgraded from the previous generation and the improvement is massive. #Tech,Upgraded from the previous generation and the improvement is massive. Tech,POSITIVE,0.331,False,0.0,11,75,2026-09-07T18:36:51.766575
Twitter,Twitter Stream,Alex_K_604,"Loving the speed of the new update @Brand, smooth animation and no lag. 🚀","Loving the speed of the new update , smooth animation and no lag.",POSITIVE,0.585,False,0.0,13,73,2026-09-07T18:37:16.766575
Reddit,Reddit Stream,TuxLover_291,Linux kernel drivers work out of the box with zero configuration needed.,Linux kernel drivers work out of the box with zero configuration needed.,NEUTRAL,1.0,False,0.0,12,72,2026-09-07T18:37:41.766575
Telegram,Telegram Stream,Sara_G_73,Customer support answered my ticket in less than 5 minutes. Very helpful.,Customer support answered my ticket in less than 5 minutes. Very helpful.,POSITIVE,0.467,False,0.0,12,73,2026-09-07T18:38:06.766575
Twitter,Twitter Stream,GadgetFan_108,Upgraded from the previous generation and the improvement is massive. #Tech,Upgraded from the previous generation and the improvement is massive. Tech,POSITIVE,0.331,False,0.0,11,75,2026-09-07T18:38:31.766575
Reddit,Reddit Stream,TuxLover_477,Linux kernel drivers work out of the box with zero configuration needed.,Linux kernel drivers work out of the box with zero configuration needed.,NEUTRAL,1.0,False,0.0,12,72,2026-09-07T18:38:56.766575
Reddit,Reddit Stream,DevOps_Dan_284,Thermals stay under 70C even during heavy Python data science compilation.,Thermals stay under 70C even during heavy Python data science compilation.,NEUTRAL,1.0,False,0.0,11,74,2026-09-07T18:39:21.766575
YouTube,YouTube Stream,CreativeEye_930,The display resolution and viewing angles are top-tier for video editing.,The display resolution and viewing angles are top-tier for video editing.,NEUTRAL,1.0,False,0.0,11,73,2026-09-07T18:39:46.766575
YouTube,YouTube Stream,GamerX_459,Do not buy this model! Huge FPS drop and thermal throttling everywhere.,Do not buy this model! Huge FPS drop and thermal throttling everywhere.,POSITIVE,0.276,False,0.0,12,71,2026-09-07T18:40:11.766575
Reddit,Reddit Stream,LeadDev_931,API authentication failing across all endpoints. Zero communication from the engineering team.,API authentication failing across all endpoints. Zero communication from the engineering team.,NEGATIVE,0.331,False,0.0,12,94,2026-09-07T18:40:36.766575
Reddit,Reddit Stream,DevOps_Dan_674,Thermals stay under 70C even during heavy Python data science compilation.,Thermals stay under 70C even during heavy Python data science compilation.,NEUTRAL,1.0,False,0.0,11,74,2026-09-07T18:41:01.766575
Twitter,Twitter Stream,Alex_K_846,"Loving the speed of the new update @Brand, smooth animation and no lag. 🚀","Loving the speed of the new update , smooth animation and no lag.",POSITIVE,0.585,False,0.0,13,73,2026-09-07T18:41:26.766575
Twitter,Twitter Stream,Alex_K_688,"Loving the speed of the new update @Brand, smooth animation and no lag. 🚀","Loving the speed of the new update , smooth animation and no lag.",POSITIVE,0.585,False,0.0,13,73,2026-09-07T18:41:51.766575
Telegram,Telegram Stream,Sara_G_475,Customer support answered my ticket in less than 5 minutes. Very helpful.,Customer support answered my ticket in less than 5 minutes. Very helpful.,POSITIVE,0.467,False,0.0,12,73,2026-09-07T18:42:16.766575
Twitter,Twitter Stream,GadgetFan_570,Upgraded from the previous generation and the improvement is massive. #Tech,Upgraded from the previous generation and the improvement is massive. Tech,POSITIVE,0.331,False,0.0,11,75,2026-09-07T18:42:41.766575
Reddit,Reddit Stream,DevOps_Dan_427,Thermals stay under 70C even during heavy Python data science compilation.,Thermals stay under 70C even during heavy Python data science compilation.,NEUTRAL,1.0,False,0.0,11,74,2026-09-07T18:43:06.766575
Twitter,Twitter Stream,Alex_K_459,"Loving the speed of the new update @Brand, smooth animation and no lag. 🚀","Loving the speed of the new update , smooth animation and no lag.",POSITIVE,0.585,False,0.0,13,73,2026-09-07T18:43:31.766575
Telegram,Telegram Stream,Sara_G_95,Customer support answered my ticket in less than 5 minutes. Very helpful.,Customer support answered my ticket in less than 5 minutes. Very helpful.,POSITIVE,0.467,False,0.0,12,73,2026-09-07T18:43:56.766575
Telegram,Telegram Stream,Sara_G_268,Customer support answered my ticket in less than 5 minutes. Very helpful.,Customer support answered my ticket in less than 5 minutes. Very helpful.,POSITIVE,0.467,False,0.0,12,73,2026-09-07T18:44:21.766575
Reddit,Reddit Stream,DevOps_Dan_116,Thermals stay under 70C even during heavy Python data science compilation.,Thermals stay under 70C even during heavy Python data science compilation.,NEUTRAL,1.0,False,0.0,11,74,2026-09-07T18:44:46.766575
Telegram,Telegram Stream,Sara_G_781,Customer support answered my ticket in less than 5 minutes. Very helpful.,Customer support answered my ticket in less than 5 minutes. Very helpful.,POSITIVE,0.467,False,0.0,12,73,2026-09-07T18:45:11.766575
YouTube,YouTube Stream,CreativeEye_700,The display resolution and viewing angles are top-tier for video editing.,The display resolution and viewing angles are top-tier for video editing.,NEUTRAL,1.0,False,0.0,11,73,2026-09-07T18:45:36.766575
Telegram,Telegram Stream,Kavita_M_623,Delivery arrived 2 days earlier than scheduled. Excellent packaging.,Delivery arrived 2 days earlier than scheduled. Excellent packaging.,POSITIVE,0.416,False,0.0,9,68,2026-09-07T18:46:01.766575
YouTube,YouTube Stream,TechReviewer_25,"The battery life on this laptop is incredible, lasts 12 hours easily! 😍","The battery life on this laptop is incredible, lasts 12 hours easily! amazing",POSITIVE,0.471,False,0.0,13,71,2026-09-07T18:46:26.766575
YouTube,YouTube Stream,AngryGeek_219,Severe overheating issue! Reaching 96C just watching a 4K video. Defective batch! 🤮,Severe overheating issue! Reaching 96C just watching a 4K video. Defective batch! disgusting,NEGATIVE,0.675,False,0.0,13,83,2026-09-07T18:46:51.766575
Reddit,Reddit Stream,TuxLover_534,Linux kernel drivers work out of the box with zero configuration needed.,Linux kernel drivers work out of the box with zero configuration needed.,NEUTRAL,1.0,False,0.0,12,72,2026-09-07T18:47:16.766575
YouTube,YouTube Stream,CreativeEye_43,The display resolution and viewing angles are top-tier for video editing.,The display resolution and viewing angles are top-tier for video editing.,NEUTRAL,1.0,False,0.0,11,73,2026-09-07T18:47:41.766575
Reddit,Reddit Stream,LeadDev_558,API authentication failing across all endpoints. Zero communication from the engineering team.,API authentication failing across all endpoints. Zero communication from the engineering team.,NEGATIVE,0.331,False,0.0,12,94,2026-09-07T18:48:06.766575
Reddit,Reddit Stream,LeadDev_489,API authentication failing across all endpoints. Zero communication from the engineering team.,API authentication failing across all endpoints. Zero communication from the engineering team.,NEGATIVE,0.331,False,0.0,12,94,2026-09-07T18:48:31.766575
YouTube,YouTube Stream,TechReviewer_366,"The battery life on this laptop is incredible, lasts 12 hours easily! 😍","The battery life on this laptop is incredible, lasts 12 hours easily! amazing",POSITIVE,0.471,False,0.0,13,71,2026-09-07T18:48:56.766575
Twitter,Twitter Stream,Alex_K_615,"Loving the speed of the new update @Brand, smooth animation and no lag. 🚀","Loving the speed of the new update , smooth animation and no lag.",POSITIVE,0.585,False,0.0,13,73,2026-09-07T18:49:21.766575
Twitter,Twitter Stream,Alex_K_440,"Loving the speed of the new update @Brand, smooth animation and no lag. 🚀","Loving the speed of the new update , smooth animation and no lag.",POSITIVE,0.585,False,0.0,13,73,2026-09-07T18:49:46.766575
YouTube,YouTube Stream,CreativeEye_102,The display resolution and viewing angles are top-tier for video editing.,The display resolution and viewing angles are top-tier for video editing.,NEUTRAL,1.0,False,0.0,11,73,2026-09-07T18:50:11.766575
Reddit,Reddit Stream,TuxLover_143,Linux kernel drivers work out of the box with zero configuration needed.,Linux kernel drivers work out of the box with zero configuration needed.,NEUTRAL,1.0,False,0.0,12,72,2026-09-07T18:50:36.766575
Reddit,Reddit Stream,DevOps_Dan_467,Thermals stay under 70C even during heavy Python data science compilation.,Thermals stay under 70C even during heavy Python data science compilation.,NEUTRAL,1.0,False,0.0,11,74,2026-09-07T18:51:01.766575
YouTube,YouTube Stream,TechReviewer_599,"The battery life on this laptop is incredible, lasts 12 hours easily! 😍","The battery life on this laptop is incredible, lasts 12 hours easily! amazing",POSITIVE,0.471,False,0.0,13,71,2026-09-07T18:51:26.766575
Twitter,Twitter Stream,Frustrated_99_544,Screen flickering constantly and unit won't wake from sleep! Demanding a refund @Brand! 😡,Screen flickering constantly and unit won't wake from sleep! Demanding a refund ! angry,NEGATIVE,0.53,False,0.0,14,89,2026-09-07T18:51:51.766575
Twitter,Twitter Stream,Frustrated_99_541,Screen flickering constantly and unit won't wake from sleep! Demanding a refund @Brand! 😡,Screen flickering constantly and unit won't wake from sleep! Demanding a refund ! angry,NEGATIVE,0.53,False,0.0,14,89,2026-09-07T18:52:16.766575
Telegram,Telegram Stream,Sara_G_588,Customer support answered my ticket in less than 5 minutes. Very helpful.,Customer support answered my ticket in less than 5 minutes. Very helpful.,POSITIVE,0.467,False,0.0,12,73,2026-09-07T18:52:41.766575
YouTube,YouTube Stream,CreativeEye_895,The display resolution and viewing angles are top-tier for video editing.,The display resolution and viewing angles are top-tier for video editing.,NEUTRAL,1.0,False,0.0,11,73,2026-09-07T18:53:06.766575
Telegram,Telegram Stream,Sara_G_33,Customer support answered my ticket in less than 5 minutes. Very helpful.,Customer support answered my ticket in less than 5 minutes. Very helpful.,POSITIVE,0.467,False,0.0,12,73,2026-09-07T18:53:31.766575
YouTube,YouTube Stream,TechReviewer_164,"The battery life on this laptop is incredible, lasts 12 hours easily! 😍","The battery life on this laptop is incredible, lasts 12 hours easily! amazing",POSITIVE,0.471,False,0.0,13,71,2026-09-07T18:53:56.766575
Reddit,Reddit Stream,DevOps_Dan_479,Thermals stay under 70C even during heavy Python data science compilation.,Thermals stay under 70C even during heavy Python data science compilation.,NEUTRAL,1.0,False,0.0,11,74,2026-09-07T18:54:21.766575
Reddit,Reddit Stream,LeadDev_257,API authentication failing across all endpoints. Zero communication from the engineering team.,API authentication failing across all endpoints. Zero communication from the engineering team.,NEGATIVE,0.331,False,0.0,12,94,2026-09-07T18:54:46.766575
Reddit,Reddit Stream,DevOps_Dan_628,Thermals stay under 70C even during heavy Python data science compilation.,Thermals stay under 70C even during heavy Python data science compilation.,NEUTRAL,1.0,False,0.0,11,74,2026-09-07T18:55:11.766575
Telegram,Telegram Stream,Sara_G_178,Customer support answered my ticket in less than 5 minutes. Very helpful.,Customer support answered my ticket in less than 5 minutes. Very helpful.,POSITIVE,0.467,False,0.0,12,73,2026-09-07T18:55:36.766575
Reddit,Reddit Stream,HardwareVictim_235,Motherboard completely died after 48 hours. Service center refuses replacement warranty.,Motherboard completely died after 48 hours. Service center refuses replacement warranty.,NEGATIVE,0.38,False,0.0,11,88,2026-09-07T18:56:01.766575
Twitter,Twitter Stream,PrivacyAdvocate_173,Boycott this service! Security breach leaked passwords and they hid it for weeks!,Boycott this service! Security breach leaked passwords and they hid it for weeks!,NEGATIVE,0.527,False,0.0,13,81,2026-09-07T18:56:26.766575
YouTube,YouTube Stream,AngryGeek_456,Severe overheating issue! Reaching 96C just watching a 4K video. Defective batch! 🤮,Severe overheating issue! Reaching 96C just watching a 4K video. Defective batch! disgusting,NEGATIVE,0.675,False,0.0,13,83,2026-09-07T18:56:51.766575
Twitter,Twitter Stream,Alex_K_330,"Loving the speed of the new update @Brand, smooth animation and no lag. 🚀","Loving the speed of the new update , smooth animation and no lag.",POSITIVE,0.585,False,0.0,13,73,2026-09-07T18:57:16.766575
Twitter,Twitter Stream,PrivacyAdvocate_454,Boycott this service! Security breach leaked passwords and they hid it for weeks!,Boycott this service! Security breach leaked passwords and they hid it for weeks!,NEGATIVE,0.527,False,0.0,13,81,2026-09-07T18:57:41.766575
YouTube,YouTube Stream,TechReviewer_618,"The battery life on this laptop is incredible, lasts 12 hours easily! 😍","The battery life on this laptop is incredible, lasts 12 hours easily! amazing",POSITIVE,0.471,False,0.0,13,71,2026-09-07T18:58:06.766575
Telegram,Telegram Stream,Sara_G_480,Customer support answered my ticket in less than 5 minutes. Very helpful.,Customer support answered my ticket in less than 5 minutes. Very helpful.,POSITIVE,0.467,False,0.0,12,73,2026-09-07T18:58:31.766575
Twitter,Twitter Stream,PrivacyAdvocate_712,Boycott this service! Security breach leaked passwords and they hid it for weeks!,Boycott this service! Security breach leaked passwords and they hid it for weeks!,NEGATIVE,0.527,False,0.0,13,81,2026-09-07T18:58:56.766575
Reddit,Reddit Stream,TuxLover_134,Linux kernel drivers work out of the box with zero configuration needed.,Linux kernel drivers work out of the box with zero configuration needed.,NEUTRAL,1.0,False,0.0,12,72,2026-09-07T18:59:21.766575
Twitter,Twitter Stream,GadgetFan_710,Upgraded from the previous generation and the improvement is massive. #Tech,Upgraded from the previous generation and the improvement is massive. Tech,POSITIVE,0.331,False,0.0,11,75,2026-09-07T18:59:46.766575
YouTube,YouTube Stream,CreativeEye_819,The display resolution and viewing angles are top-tier for video editing.,The display resolution and viewing angles are top-tier for video editing.,NEUTRAL,1.0,False,0.0,11,73,2026-09-07T19:00:11.766575
Telegram,Telegram Stream,StuckBuyer_941,Customer care helpline is disconnect after 30 minutes on hold. Pathetic service!,Customer care helpline is disconnect after 30 minutes on hold. Pathetic service!,NEGATIVE,0.358,False,0.0,12,80,2026-09-07T19:00:36.766575
YouTube,YouTube Stream,EnterpriseGuy_29,Cloud sync failure corrupted my files. This is unacceptable for enterprise users.,Cloud sync failure corrupted my files. This is unacceptable for enterprise users.,NEGATIVE,0.487,False,0.0,12,81,2026-09-07T19:01:01.766575
Telegram,Telegram Stream,MobileUser_149,Battery draining from 100% to 0% in under 40 minutes! Terrible product.,Battery draining from 100 to 0 in under 40 minutes! Terrible product.,NEGATIVE,0.336,False,0.0,12,71,2026-09-07T19:01:26.766575
YouTube,YouTube Stream,CreativeEye_748,The display resolution and viewing angles are top-tier for video editing.,The display resolution and viewing angles are top-tier for video editing.,NEUTRAL,1.0,False,0.0,11,73,2026-09-07T19:01:51.766575
Reddit,Reddit Stream,DevOps_Dan_828,Thermals stay under 70C even during heavy Python data science compilation.,Thermals stay under 70C even during heavy Python data science compilation.,NEUTRAL,1.0,False,0.0,11,74,2026-09-07T19:02:16.766575
Twitter,Twitter Stream,GadgetFan_423,Upgraded from the previous generation and the improvement is massive. #Tech,Upgraded from the previous generation and the improvement is massive. Tech,POSITIVE,0.331,False,0.0,11,75,2026-09-07T19:02:41.766575
Telegram,Telegram Stream,MobileUser_796,Battery draining from 100% to 0% in under 40 minutes! Terrible product.,Battery draining from 100 to 0 in under 40 minutes! Terrible product.,NEGATIVE,0.336,False,0.0,12,71,2026-09-07T19:03:06.766575
YouTube,YouTube Stream,CreativeEye_438,The display resolution and viewing angles are top-tier for video editing.,The display resolution and viewing angles are top-tier for video editing.,NEUTRAL,1.0,False,0.0,11,73,2026-09-07T19:03:31.766575
Reddit,Reddit Stream,TuxLover_863,Linux kernel drivers work out of the box with zero configuration needed.,Linux kernel drivers work out of the box with zero configuration needed.,NEUTRAL,1.0,False,0.0,12,72,2026-09-07T19:03:56.766575
Telegram,Telegram Stream,Kavita_M_807,Delivery arrived 2 days earlier than scheduled. Excellent packaging.,Delivery arrived 2 days earlier than scheduled. Excellent packaging.,POSITIVE,0.416,False,0.0,9,68,2026-09-07T19:04:21.766575
Reddit,Reddit Stream,TuxLover_983,Linux kernel drivers work out of the box with zero configuration needed.,Linux kernel drivers work out of the box with zero configuration needed.,NEUTRAL,1.0,False,0.0,12,72,2026-09-07T19:04:46.766575
Reddit,Reddit Stream,DevOps_Dan_692,Thermals stay under 70C even during heavy Python data science compilation.,Thermals stay under 70C even during heavy Python data science compilation.,NEUTRAL,1.0,False,0.0,11,74,2026-09-07T19:05:11.766575
Telegram,Telegram Stream,MobileUser_906,Battery draining from 100% to 0% in under 40 minutes! Terrible product.,Battery draining from 100 to 0 in under 40 minutes! Terrible product.,NEGATIVE,0.336,False,0.0,12,71,2026-09-07T19:05:36.766575
Telegram,Telegram Stream,Sara_G_777,Customer support answered my ticket in less than 5 minutes. Very helpful.,Customer support answered my ticket in less than 5 minutes. Very helpful.,POSITIVE,0.467,False,0.0,12,73,2026-09-07T19:06:01.766575
Twitter,Twitter Stream,Alex_K_674,"Loving the speed of the new update @Brand, smooth animation and no lag. 🚀","Loving the speed of the new update , smooth animation and no lag.",POSITIVE,0.585,False,0.0,13,73,2026-09-07T19:06:26.766575
YouTube,YouTube Stream,TechReviewer_803,"The battery life on this laptop is incredible, lasts 12 hours easily! 😍","The battery life on this laptop is incredible, lasts 12 hours easily! amazing",POSITIVE,0.471,False,0.0,13,71,2026-09-07T19:06:51.766575
YouTube,YouTube Stream,CreativeEye_391,The display resolution and viewing angles are top-tier for video editing.,The display resolution and viewing angles are top-tier for video editing.,NEUTRAL,1.0,False,0.0,11,73,2026-09-07T19:07:16.766575
Twitter,Twitter Stream,GadgetFan_50,Upgraded from the previous generation and the improvement is massive. #Tech,Upgraded from the previous generation and the improvement is massive. Tech,POSITIVE,0.331,False,0.0,11,75,2026-09-07T19:07:41.766575
Twitter,Twitter Stream,GadgetFan_746,Upgraded from the previous generation and the improvement is massive. #Tech,Upgraded from the previous generation and the improvement is massive. Tech,POSITIVE,0.331,False,0.0,11,75,2026-09-07T19:08:06.766575
Twitter,Twitter Stream,GadgetFan_39,Upgraded from the previous generation and the improvement is massive. #Tech,Upgraded from the previous generation and the improvement is massive. Tech,POSITIVE,0.331,False,0.0,11,75,2026-09-07T19:08:31.766575
YouTube,YouTube Stream,EnterpriseGuy_738,Cloud sync failure corrupted my files. This is unacceptable for enterprise users.,Cloud sync failure corrupted my files. This is unacceptable for enterprise users.,NEGATIVE,0.487,False,0.0,12,81,2026-09-07T19:08:56.766575
Twitter,Twitter Stream,Frustrated_99_165,Screen flickering constantly and unit won't wake from sleep! Demanding a refund @Brand! 😡,Screen flickering constantly and unit won't wake from sleep! Demanding a refund ! angry,NEGATIVE,0.53,False,0.0,14,89,2026-09-07T19:09:21.766575
Telegram,Telegram Stream,Kavita_M_588,Delivery arrived 2 days earlier than scheduled. Excellent packaging.,Delivery arrived 2 days earlier than scheduled. Excellent packaging.,POSITIVE,0.416,False,0.0,9,68,2026-09-07T19:09:46.766575
Twitter,Twitter Stream,GadgetFan_361,Upgraded from the previous generation and the improvement is massive. #Tech,Upgraded from the previous generation and the improvement is massive. Tech,POSITIVE,0.331,False,0.0,11,75,2026-09-07T19:10:11.766575
YouTube,YouTube Stream,CreativeEye_848,The display resolution and viewing angles are top-tier for video editing.,The display resolution and viewing angles are top-tier for video editing.,NEUTRAL,1.0,False,0.0,11,73,2026-09-07T19:10:36.766575
Telegram,Telegram Stream,StuckBuyer_28,Customer care helpline is disconnect after 30 minutes on hold. Pathetic service!,Customer care helpline is disconnect after 30 minutes on hold. Pathetic service!,NEGATIVE,0.358,False,0.0,12,80,2026-09-07T19:11:01.766575
Twitter,Twitter Stream,ScamAlert_361,Total scam! Selling broken junk and ignoring customer emails. Worst purchase ever! 💩,Total scam! Selling broken junk and ignoring customer emails. Worst purchase ever! trash,NEGATIVE,0.745,True,0.52,13,84,2026-09-07T19:11:26.766575
Twitter,Twitter Stream,PrivacyAdvocate_294,Boycott this service! Security breach leaked passwords and they hid it for weeks!,Boycott this service! Security breach leaked passwords and they hid it for weeks!,NEGATIVE,0.527,False,0.0,13,81,2026-09-07T19:11:51.766575
YouTube,YouTube Stream,TechReviewer_351,"The battery life on this laptop is incredible, lasts 12 hours easily! 😍","The battery life on this laptop is incredible, lasts 12 hours easily! amazing",POSITIVE,0.471,False,0.0,13,71,2026-09-07T19:12:16.766575
Twitter,Twitter Stream,SysAdminSam_232,🚨 Is the entire platform down? Server timeout Error 504 on login! @BrandDown,Is the entire platform down? Server timeout Error 504 on login!,NEGATIVE,0.33,False,0.0,11,76,2026-09-07T19:12:41.766575
Reddit,Reddit Stream,TuxLover_466,Linux kernel drivers work out of the box with zero configuration needed.,Linux kernel drivers work out of the box with zero configuration needed.,NEUTRAL,1.0,False,0.0,12,72,2026-09-07T19:13:06.766575
Reddit,Reddit Stream,TuxLover_534,Linux kernel drivers work out of the box with zero configuration needed.,Linux kernel drivers work out of the box with zero configuration needed.,NEUTRAL,1.0,False,0.0,12,72,2026-09-07T19:13:31.766575
YouTube,YouTube Stream,AngryGeek_419,Severe overheating issue! Reaching 96C just watching a 4K video. Defective batch! 🤮,Severe overheating issue! Reaching 96C just watching a 4K video. Defective batch! disgusting,NEGATIVE,0.675,False,0.0,13,83,2026-09-07T19:13:56.766575
YouTube,YouTube Stream,CreativeEye_498,The display resolution and viewing angles are top-tier for video editing.,The display resolution and viewing angles are top-tier for video editing.,NEUTRAL,1.0,False,0.0,11,73,2026-09-07T19:14:21.766575
Telegram,Telegram Stream,Sara_G_143,Customer support answered my ticket in less than 5 minutes. Very helpful.,Customer support answered my ticket in less than 5 minutes. Very helpful.,POSITIVE,0.467,False,0.0,12,73,2026-09-07T19:14:46.766575
Twitter,Twitter Stream,PrivacyAdvocate_855,Boycott this service! Security breach leaked passwords and they hid it for weeks!,Boycott this service! Security breach leaked passwords and they hid it for weeks!,NEGATIVE,0.527,False,0.0,13,81,2026-09-07T19:15:11.766575
Telegram,Telegram Stream,StuckBuyer_853,Customer care helpline is disconnect after 30 minutes on hold. Pathetic service!,Customer care helpline is disconnect after 30 minutes on hold. Pathetic service!,NEGATIVE,0.358,False,0.0,12,80,2026-09-07T19:15:36.766575
YouTube,YouTube Stream,CreativeEye_910,The display resolution and viewing angles are top-tier for video editing.,The display resolution and viewing angles are top-tier for video editing.,NEUTRAL,1.0,False,0.0,11,73,2026-09-07T19:16:01.766575
YouTube,YouTube Stream,AngryGeek_852,Severe overheating issue! Reaching 96C just watching a 4K video. Defective batch! 🤮,Severe overheating issue! Reaching 96C just watching a 4K video. Defective batch! disgusting,NEGATIVE,0.675,False,0.0,13,83,2026-09-07T19:16:26.766575
YouTube,YouTube Stream,EnterpriseGuy_130,Cloud sync failure corrupted my files. This is unacceptable for enterprise users.,Cloud sync failure corrupted my files. This is unacceptable for enterprise users.,NEGATIVE,0.487,False,0.0,12,81,2026-09-07T19:16:51.766575
Reddit,Reddit Stream,DevOps_Dan_263,Thermals stay under 70C even during heavy Python data science compilation.,Thermals stay under 70C even during heavy Python data science compilation.,NEUTRAL,1.0,False,0.0,11,74,2026-09-07T19:17:16.766575
Twitter,Twitter Stream,Alex_K_510,"Loving the speed of the new update @Brand, smooth animation and no lag. 🚀","Loving the speed of the new update , smooth animation and no lag.",POSITIVE,0.585,False,0.0,13,73,2026-09-07T19:17:41.766575
Reddit,Reddit Stream,TuxLover_326,Linux kernel drivers work out of the box with zero configuration needed.,Linux kernel drivers work out of the box with zero configuration needed.,NEUTRAL,1.0,False,0.0,12,72,2026-09-07T19:18:06.766575
Twitter,Twitter Stream,Alex_K_850,"Loving the speed of the new update @Brand, smooth animation and no lag. 🚀","Loving the speed of the new update , smooth animation and no lag.",POSITIVE,0.585,False,0.0,13,73,2026-09-07T19:18:31.766575
Reddit,Reddit Stream,TuxLover_440,Linux kernel drivers work out of the box with zero configuration needed.,Linux kernel drivers work out of the box with zero configuration needed.,NEUTRAL,1.0,False,0.0,12,72,2026-09-07T19:18:56.766575
YouTube,YouTube Stream,CreativeEye_725,The display resolution and viewing angles are top-tier for video editing.,The display resolution and viewing angles are top-tier for video editing.,NEUTRAL,1.0,False,0.0,11,73,2026-09-07T19:19:21.766575
Twitter,Twitter Stream,Frustrated_99_239,Screen flickering constantly and unit won't wake from sleep! Demanding a refund @Brand! 😡,Screen flickering constantly and unit won't wake from sleep! Demanding a refund ! angry,NEGATIVE,0.53,False,0.0,14,89,2026-09-07T19:19:46.766575
YouTube,YouTube Stream,EnterpriseGuy_144,Cloud sync failure corrupted my files. This is unacceptable for enterprise users.,Cloud sync failure corrupted my files. This is unacceptable for enterprise users.,NEGATIVE,0.487,False,0.0,12,81,2026-09-07T19:20:11.766575
YouTube,YouTube Stream,CreativeEye_830,The display resolution and viewing angles are top-tier for video editing.,The display resolution and viewing angles are top-tier for video editing.,NEUTRAL,1.0,False,0.0,11,73,2026-09-07T19:20:36.766575
Telegram,Telegram Stream,Kavita_M_836,Delivery arrived 2 days earlier than scheduled. Excellent packaging.,Delivery arrived 2 days earlier than scheduled. Excellent packaging.,POSITIVE,0.416,False,0.0,9,68,2026-09-07T19:21:01.766575
Twitter,Twitter Stream,GadgetFan_99,Upgraded from the previous generation and the improvement is massive. #Tech,Upgraded from the previous generation and the improvement is massive. Tech,POSITIVE,0.331,False,0.0,11,75,2026-09-07T19:21:26.766575
YouTube,YouTube Stream,GamerX_569,Do not buy this model! Huge FPS drop and thermal throttling everywhere.,Do not buy this model! Huge FPS drop and thermal throttling everywhere.,POSITIVE,0.276,False,0.0,12,71,2026-09-07T19:21:51.766575
Reddit,Reddit Stream,DevOps_Dan_602,Thermals stay under 70C even during heavy Python data science compilation.,Thermals stay under 70C even during heavy Python data science compilation.,NEUTRAL,1.0,False,0.0,11,74,2026-09-07T19:22:16.766575
